ticker,asset_type,source_ticker,price_ars,mep_price,price_usd,raw_price_text,source_url,method,status,error,timestamp_argentina
AE38D,BONO,AE38D,,,72.69,"72,69",https://app.doctacapital.com.ar/dashboard/market/HARD_DOLLAR/ticker/AE38D,Direct USD,OK,,2026-09-29 20:28:00
AL29D,BONO,AL29D,,,53.52,"53,52",https://app.doctacapital.com.ar/dashboard/market/HARD_DOLLAR/ticker/AL29D,Direct USD,OK,,2026-09-29 20:28:00
AL30D,BONO,AL30D,,,54.5,"54,50",https://app.doctacapital.com.ar/dashboard/market/HARD_DOLLAR/ticker/AL30D,Direct USD,OK,,2026-09-29 20:28:00
AL35D,BONO,AL35D,,,69.5,"69,50",https://app.doctacapital.com.ar/dashboard/market/HARD_DOLLAR/ticker/AL35D,Direct USD,OK,,2026-09-29 20:28:00
AN29D,BONO,AN29D,,,86.44,"86,44",https://app.doctacapital.com.ar/dashboard/market/HARD_DOLLAR/ticker/AN29D,Direct USD,OK,,2026-09-29 20:28:00
BA7DD,BONO,BA7DD,,,67.54,"67,54",https://app.doctacapital.com.ar/dashboard/market/SUB_SOBERANO/ticker/BA7DD,Direct USD,OK,,2026-09-29 20:28:00
GD30D,BONO,GD30D,,,54.5,"54,50",https://app.doctacapital.com.ar/dashboard/market/HARD_DOLLAR/ticker/GD30D,Direct USD,OK,,2026-09-29 20:28:00
YM40D,BONO,YM40D,,,105.0,"105,00",https://app.doctacapital.com.ar/dashboard/market/HARD_DOLLAR/ticker/YM40D,Direct USD,OK,,2026-09-29 20:28:00
YMCID,BONO,YMCID,,,93.7,"93,70",https://app.doctacapital.com.ar/dashboard/market/HARD_DOLLAR/ticker/YMCID,Direct USD,OK,,2026-09-29 20:28:00
BRKB,CEDEAR/ACCION,BRKB,36920.0,1549.36,23.829194,"36.920,00",https://www.rava.com/perfil/BRKB,ARS / MEP,OK,,2026-09-29 20:28:00
BYMA,CEDEAR/ACCION,BYMA,246.25,1549.36,0.158937,"246,25",https://www.rava.com/perfil/BYMA,ARS / MEP,OK,,2026-09-29 20:28:00
DIA,CEDEAR/ACCION,DIA,41440.0,1549.36,26.746528,"41.440,00",https://www.rava.com/perfil/DIA,ARS / MEP,OK,,2026-09-29 20:28:00
GOOGL,CEDEAR/ACCION,GOOGL,9525.0,1549.36,6.1477,"9.525,00",https://www.rava.com/perfil/GOOGL,ARS / MEP,OK,,2026-09-29 20:28:00
IBIT,CEDEAR/ACCION,IBIT,7660.0,1549.36,4.943977,"7.660,00",https://www.rava.com/perfil/IBIT,ARS / MEP,OK,,2026-09-29 20:28:00
LLY,CEDEAR/ACCION,LLY,34180.0,1549.36,22.060722,"34.180,00",https://www.rava.com/perfil/LLY,ARS / MEP,OK,,2026-09-29 20:28:00
MELI,CEDEAR/ACCION,MELI,23250.0,1549.36,15.006196,"23.250,00",https://www.rava.com/perfil/MELI,ARS / MEP,OK,,2026-09-29 20:28:00
META,CEDEAR/ACCION,META,49620.0,1549.36,32.026127,"49.620,00",https://www.rava.com/perfil/META,ARS / MEP,OK,,2026-09-29 20:28:00
MSFT,CEDEAR/ACCION,MSFT,27420.0,1549.36,17.69763,"27.420,00",https://www.rava.com/perfil/MSFT,ARS / MEP,OK,,2026-09-29 20:28:00
MSTR,CEDEAR/ACCION,MSTR,12450.0,1549.36,8.035576,"12.450,00",https://www.rava.com/perfil/MSTR,ARS / MEP,OK,,2026-09-29 20:28:00
MU,CEDEAR/ACCION,MU,344775.0,1549.36,222.527366,"344.775,00",https://www.rava.com/perfil/MU,ARS / MEP,OK,,2026-09-29 20:28:00
NFLX,CEDEAR/ACCION,NFLX,2370.0,1549.36,1.529664,"2.370,00",https://www.rava.com/perfil/NFLX,ARS / MEP,OK,,2026-09-29 20:28:00
NU,CEDEAR/ACCION,NU,10020.0,1549.36,6.467186,"10.020,00",https://www.rava.com/perfil/NU,ARS / MEP,OK,,2026-09-29 20:28:00
NVDA,CEDEAR/ACCION,NVDA,15320.0,1549.36,9.887954,"15.320,00",https://www.rava.com/perfil/NVDA,ARS / MEP,OK,,2026-09-29 20:28:00
QQQ,CEDEAR/ACCION,QQQ,59650.0,1549.36,38.499768,"59.650,00",https://www.rava.com/perfil/QQQ,ARS / MEP,OK,,2026-09-29 20:28:00
SPY,CEDEAR/ACCION,SPY,20600.0,1549.36,13.295812,"20.600,00",https://www.rava.com/perfil/SPY,ARS / MEP,OK,,2026-09-29 20:28:00
YPFD,CEDEAR/ACCION,YPFD,8110.0,1549.36,5.234419,"8.110,00",https://www.rava.com/perfil/YPFD,ARS / MEP,OK,,2026-09-29 20:28:00
